locu_id,foursquare_id
fd08167bbca2ac3bbb23,46cc7756f964a5203b4a1fe3
36f15c2024b3ad565659,4d32037f5c2db60c8ddebd6c
e055d9834a4f55047d74,4b91bd5df964a520ead333e3
82afe0b5dc8c5614948f,4eb08b91e3002b5426d1a721
41caa2f551121a64ab16,4fb30f7fe4b0fb410b889537
fde708ca4d4daf59b81f,4ab16dfaf964a520756920e3
305ea556aa833644f432,4a00569ef964a52077701fe3
5db5d91e7866513046d1,4ef103e20aaf411421bab651
ddda08f9dea3230a6da5,4bf059dc636cd13aa50f94af
d9048d88b4805118c72d,51e07027498ed9e325fb7d6f
5918a12bfe1939fa6047,4b902c5df964a520297a33e3
e631fe4347b3a5e8eff7,4f329d7319836c91c7e904f6
ee0783b5c95db0569824,4f32b03b19836c91c7f007ed
25c207e47f24987aa905,4dadd37ffa8cf64d80513f08
30afe73e43e71f33c6df,44d8c411f964a5207a361fe3
233868b360e10a234b47,4a5d3c4ef964a5206bbd1fe3
05176249b9f3b6155307,4b140c62f964a520739c23e3
2db227acbb5be32616a4,3fd66200f964a520d8e91ee3
6d75495a3671a45a0bf3,4eaca19730f855f5b2feed5a
2e9958055280ed772cd8,4b61c759f964a5203a222ae3
3fe19d873e7ee2d3bc46,4e444cca6365a330471dde5d
0544cbf01097fafd6cbf,4af4ea7ff964a5206bf721e3
7fbb1e87a7792616554f,4f2480eae4b0eec7fe47aa2e
5f0e6782848e1a239f29,4a39b109f964a520ad9f1fe3
c9f5300194870edba25c,4f65057de4b08383b22de9c4
bb13010bb5655282884b,4ce76063b99754817537f644
6340766743f321d75677,5053d8f7e4b07ba3e5ffc718
bc9f82e34576e006a1df,4f32656919836c91c7d3b0fd
4dde90c66c0476ebd613,51d666ae498e750d5a630a28
073205e3ef31f61e5bb0,4fd13355e4b0d4fb73c36e90
05975bf85a44392267ed,4f322dd619836c91c7bdef46
a4a647570c2cc3916844,4afc856cf964a520822322e3
af0fef6e5f21ab958947,50c5214fe4b04a2d9e0efa6a
9e035f3ad4a81212c092,4cb3436cef1b3704462d5100
2407d002dd9d001621e8,4cd8439f51fc8cfa489ee85d
5cc03e96ce25e2136e9e,4dfe5555b61c79c4633a11e8
796ec9c91a6050ecbf4e,509e6cebe4b09c8922849576
33d5991dc6491c445e63,4be58dead4f7c9b607862520
c3a8846d0928e4b52f2d,4b6cd117f964a5208f562ce3
d71c0d008b9795c4ac26,4f327b8d19836c91c7dc230b
6679b140807958ce43ec,4a6a4f0bf964a52012cd1fe3
15764d77ca563c8a9467,4a847222f964a520a1fc1fe3
4f7164672fced9ceffb2,4a49662cf964a52047ab1fe3
f06977f553918725f04d,4ea5f25cbe7bbf593af7b1aa
c396b3c9e0e52745aeae,4c1c4e8cb4e62d7f02f7da93
516da52c21b8f12e9d25,3fd66200f964a5209ce41ee3
f8265a6cbccc7de281ed,3fd66200f964a5207be31ee3
31c290de0eca1cc342d2,4b63b163f964a520748c2ae3
a90bcbb6a075a40df8cf,51d4b474498e004fa64027f8
9a00ae1738d1307f112e,4b55c2abf964a520baee27e3
70b72b57026b52a84faa,40dcbc80f964a52082011fe3
61802f11ec54f63da1fc,4afdba0bf964a520412a22e3
a36e48b7fa1373d10e9b,512e541c222f07e3a964c526
b22a06479752fa923f1c,4d6f1d513a6cf04d6bca5b79
8fa7004e77c6d8aceaf5,4abe8e20f964a520748e20e3
8b42925ae6bfcdff6057,4e4e499ebd4101d0d7a6e5ff
18455fb122b5aa31a2ed,3fd66200f964a52053ea1ee3
c4e159f0a3cc08a9533d,4f60a200e4b0b97be60bef46
5ca8adb7158258272efa,4f32568619836c91c7cde323
99b0e5a16188a8b415bc,4edd8695b6344371fa9a73cd
7fb1b453f4f9475ec0b2,4d365f3fedbd370460ec69e3
36c41ca2b3e24931e158,49c39ed6f964a52066561fe3
5293934c41f79e53ca6b,4ab277b8f964a520496b20e3
5d8f5cf60cca9698014c,4b638e1df964a52011832ae3
34e03f188d70931233cc,4ba670d6f964a520ab5239e3
266990a2f317b9cddb15,4d005554202e224b2a27b32a
963e540e163e9dd5d75c,4fda7eb7e4b0318de8058ca0
7d003a1bc34ef8765b51,4e1fde08483b041af1dcabe9
7519aeede3f317652e9c,49c26973f964a520eb551fe3
b164256b6ef3c0e3570e,4b4a8b95f964a520598a26e3
711f36ef034d1fbc9ff8,4f3210d319833175d60d19c2
7e72d89444c7c617e4d4,5085458fe4b09e409de9a952
90c1ec98f9cefad64b77,4e4e4e1bbd4101d0d7a74898
c52351fe76ddb13d134f,4c1c0d3c63750f47faf5b567
9bdfd08ad37effde2b90,4f3222f919836c91c7b9b62d
080da194d74ae8dd619f,4be2c7d1f07b0f47aa27f643
78c1f0e5a627c06f1de7,4b01f66df964a520db4622e3
e742f38704128e486851,4b71cdbaf964a520605d2de3
6af17e6bf6694a18ddde,516dfc13498e616e4c78b107
328d67c93f694eaaba1d,4e4c4c8bbd413c4cc66853aa
14405e43e9db48c823d8,4b623700f964a520a83c2ae3
4234067e1b2c7dbb85c9,4cad378a97c8a1cd9befa7a5
b79cd2a5df3a56f297dd,51a0ec3a498ec1fa981f0bdf
e85d9febb490f62fba33,4f323cf119836c91c7c3c9d2
a37b68ec950e443b7396,4c866e2ee602b1f7ca00c07a
c7017c89444b3138d297,4c40cc2a3735be9a2c6c17a4
acde8f1bd41ca34a7b14,4b6489b0f964a520d7bb2ae3
e975b188688da5386a0a,4f3ef46de4b0b019c553ffe9
d48820d1666381ea5eb0,4c29871497d00f4749a041ea
83c5ab15c149166671f1,51132111e4b0109e8adf16bd
adb0ca5571a63ebb43d1,4f3283fb19836c91c7df5a28
f79e317502c70d569c7f,4b4c863cf964a52026b526e3
3911bf7cf0387d979fe2,49ee02e9f964a52010681fe3
80f6edc37793271d94d9,4d82dec75ad3a093cd23b0fd
0f988d6efa89ed81ac99,4f32a81a19836c91c7ed0660
ab08e3cca8410a88a4ec,4e4e4a49bd4101d0d7a6f374
5bb3b6b10f2602cfbc50,4d0d6554e0b98cfae3b3db93
5850766a1b0c19cf564e,4e4dc721bd41b76bef92f253
71b3b8a933eac80ac5b3,4b049fcff964a520c15522e3
9b94d6adf77cad41a76f,4acf729cf964a520bed320e3
0f6d2f74df27cfbc93b4,51d6b121498ec83402833e0b
c5f0c5d1043390781f0c,4bf0b0d2f45ec9281627943c
a89411084e00e5f5be99,4f10f6c1e4b0d85e51acbcca
52d093e28636afa70734,4a42d96ef964a5204ea61fe3
60413c6a26a6d7eec0c5,4f32943219836c91c7e589ad
84b8e4aa7e4eae3fe687,4b55ee6df964a52037f727e3
c73946db50ac878f19b3,4e3484038877beb5e9a22a0b
be3ad877c4f4423153ea,4bc621b6f360ef3bc433db2d
c1f1fab4633063033e9f,4b8676cef964a5202c8b31e3
c08f8d6cbe96b3ab381e,4c98425bf419a0933b716e88
d0d311a1f6d581a1bdef,518830057dd2a213aa5e9473
2b55c40e6d1bec5e929a,511d6006e4b0a486ec088c89
328cb2b09554762a7d21,3fd66200f964a5202ee61ee3
fe52733d130680670ce4,4e00b995d1647696f1211347
101e907278a7a3be811f,4e0e05748877936cb4013a69
e25daaa0f5e1c42da8e1,4ddd71a8636562354f3fcb47
da2bc308156c73537c8f,4b6b5ecef964a5202e042ce3
578776bdb00024ed2167,4ca00df18afca093afde0f16
694fb2093473eb821a19,40d62500f964a5204e011fe3
c537617e699ea5c9efab,4fcacb63e4b00a0e84af2640
f9fca3a8df581c1c456b,4f329b3919836c91c7e82d86
f1e4a17c13e8a0659250,4ca748dcb7106dcb973566a5
060dee8b8d3af94b02a9,4c8805550f3c236a6270ef5c
26b09b46064dff88df55,4b007974f964a520a63e22e3
5d041990cf8efc5b061e,3fd66200f964a520e0e51ee3
688f5107af3e0cfdf2ae,49f0abd1f964a52043691fe3
0e3cae3eb171deabfc8e,500b5b6fe4b0db14bcea3609
c0bada5ee839e43b2704,457c232bf964a520fe3e1fe3
b1b3d89838be67cbdb59,4c9e372b03133704229a66d5
49acaab5f9d71de17972,4f0ca745e4b0497598d0e061
df58bfe74cce981846e0,49b9dfeaf964a52054531fe3
783227d8afedb324c2b2,4c63d38de1621b8db2d12653
e7c4f4ca826336c6d57c,3fd66200f964a52052e71ee3
99032f2cccf78dcba86d,43e4e9c1f964a520ee2e1fe3
9ebab0ae10273d6c4ac6,4be49dcd2457a5933e7faa15
4bd67a25ed3cc7ccb3f9,50d65941011cafac8ced5d0c
645e8b84299dcfc2ef1e,4c46f47f19fde21efebd0676
a8bfd39befddc9c595fa,4a7cb615f964a52050ed1fe3
eed09c511dfc14cfa569,4e4c85f3d4c083e9648c1fe8
abd06a25cf45fac1a9ea,4a8724e0f964a520db0220e3
bb0e53f605c40c0fa2e0,480d19c9f964a520274f1fe3
b980cba4a5d2d08d0c09,4f329da119836c91c7e91623
4f02e5f47dbc23cb0f6e,41d49680f964a520b31e1fe3
e8dc577fd82b0d2f679a,51ba43a0498ed5bbc200e25e
64a3ff532a9416b5426e,4afa05d9f964a520181622e3
a508df5057d1d74edfdd,4a593996f964a5200ab91fe3
a7204b0cdc217e8809cf,5013520ae4b0dbe157f818d1
e473af79b82d207a82ea,4ebc4b8dd3e38e6b0ba366ca
807b656e647c2a59b12b,4f60c4ffe4b04905885241ee
9b901c1d1a74d9d74706,4ce6fbc4d99f721e7332a773
7034beec56ca278d49d4,4a5dd48af964a520b8bd1fe3
de3f7d029b1311bc6b5d,519129d3498e71b419d728a2
5e6dd3eabbaf510fea02,4f32748119836c91c7d97a10
4919ade826dc3b40679c,500c2f7e45b0bf4f4cda42e9
824bfbc92825a8d12c64,4cffa4faf1605481cf149aea
10253b2ec4da81601aee,4b145e39f964a520faa123e3
89eaa1aa3678b04162c7,4c505bbe8edf0f477bff26af
92b8288efbafc4c16f3d,5025bcc9e4b040ed525577a9
806140181efc95f4b674,43b98728f964a520de2c1fe3
b9faee09d8767915bcb2,4b853f3bf964a520ac5231e3
417589eca6ded5c3db32,4416912af964a52004311fe3
da9b37d18b2579959c97,4d7e61dacd09224bb23c4930
bc922733257e55f11ce9,4dd7791c1f6ee14683238b5c
d0b90241d3dfbbc5e4d9,4e34492cc65b2313e280e16f
68e6eb4eedbb4898e7c8,4e6be5e2b3ad857aef211b98
d8e4d5432e29717fdc09,4cf5b5b166585481688ec598
6afe633a980b2ffdacbd,4a626bfbf964a52009c41fe3
e210756b25180736b1b8,3fd66200f964a520c9e61ee3
15a22582d867039193d5,4cec078e595cb1f76670dc14
1de5b118b575df1504cb,4d40ca8cbd53f04d70b74715
8339885cba4a96faf186,4a9739f9f964a520fa2820e3
c970dcbfe5463de9088c,3fd66200f964a5201ee71ee3
8f87d2ed152cafbadb68,4af077bef964a52060dc21e3
934ffbe8560c627a98e9,4c4885bdc9efb713a03d30aa
58c415fc36aba84d3077,4ab0e140f964a5209e6720e3
d8bca46e04e3e2c096d4,4c64c67fc74c1b8df596b283
a7fd870b98bb26de2391,447dc0b9f964a520fd331fe3
ec841d231edfb20e8b7c,50144e36e4b0bc7cf5739e28
d3c39d545f6bbdffdf1e,50603d8b498efd4a9c3e4cea
8e3cae6cbac91bbdcf9c,4b23ee1ef964a520255d24e3
e7a618b063a7a0626ebe,4c688aeb2f6c0f47920a1c7e
e94761d0a0579b9641da,4e95cd6ef5b90ceed08384b8
3121f2e21b2bd9252ae3,4e4c4fa6bd413c4cc6686917
737924131fa6618643bc,51451539e4b0f632bb92f9c4
a4dc21bb750a37c06abf,5015686ce4b06b8dccaf55a4
73cc1f7a9941c9d40ba5,4baa5f2ff964a520e2633ae3
b3ed612a64bd3db2bb90,505cd92ee4b0084c401ea0e5
e3771ec184526fed4bea,50d257bee4b07de9752385ea
44ca6680233abec2b7a4,4c55b154479fc928c17e4c95
07118316c0c73060ae4d,4f00dea9f9abd5b3917d422c
4ab14b333f6b6eb21b14,3fd66200f964a520a5ea1ee3
69a82d64fd2e83e5db4f,4b91e2faf964a520a7dd33e3
518663304859a4a860e5,4efbe6797ed1abb672f7ecd2
0ae4e4dc9c6f005fb248,4f32190219836c91c7b5968a
a9c04865497ad797f8c7,5005c345e4b06cd60c13187d
897b16aacfbe585533b6,51e0251f498ea66bbfe77f82
1ae1cb9d62b658e3c39a,4d7b06d77a1c6dcbb843c961
64e15e3663f0f82d316f,4f32404c19836c91c7c5204b
050506726fbb8853a533,4df413f5d1649c8a28e582a5
223400d74d8876d94927,516bfe058055d1e81ef8b212
75cf008dc27f40810783,4d6c381003bf224b7947db8d
d4c72e49567624d9e665,4ce157ff0de52c0f62a0a10c
5858495e902e0313fc53,4fb59a21e4b06101e9dc9b83
b53454712cc689e761ef,4a917ecff964a5206c1a20e3
d3b40aa98c5ad8d0f1a6,4fd280bfe4b00127b966b205
4546a2c28577099b6945,50d115a7e4b0bd1057ff043f
f4610997cd7d0549a63d,4dbb5e1d90a02849cbc9b3e0
fb4410c9206b3e473d34,51007ecae4b0b335befe1cac
b5d5247be64fcca66c17,4e4c4f4dbd413c4cc6686693
44d83829ba94ea39ad0b,4a297b29f964a5209a951fe3
634a50a0c9ef307ca6ab,3fd66200f964a52074e51ee3
4af3b481f1f1b434a54a,4b6799a3f964a52019572be3
297db329a5e1632783a2,4a7b4f7cf964a520a3ea1fe3
09b7100e85ab18653409,4c9bb311d3c2b60c4e19b1bc
0209cc40793c7b21626f,4af3657bf964a5203ded21e3
2279d2f8884d417d8068,4ac7f916f964a520f5ba20e3
1c309f12185bf203eacd,4b9c24ebf964a5209a4e36e3
a789b7399865c08d1ab8,4c46020ef1d80f4718a8a23c
15c235854c7d27ea3af5,4cf9717c084f548170067509
ec46a5e685a440d9cd6e,4f32b4ed19836c91c7f1c739
3509ee59c5639ae26126,4fcea172e4b071a2c8809ed2
31447b5b7789cb98d275,4bae5fb6f964a520b4a93be3
cf5c0c3850b153c65de0,4f132b78e4b0725fed9a3c28
8cb58dc0a06bb2c125dc,4e06b18d62e100e5816ba6c4
aaca87d1932bd382e1a4,4f5e82dae4b01989c438cbb6
9154c88324827228b20f,4fc619d1e4b041bde333b862
0c9e5b105a7c686797d7,4bbd282b4e069c742a799ee3
3c691032b74cc0287c87,4f6243bae4b0a20e1e91aabf
c5809976f72d86478fe0,4101a680f964a5205a0b1fe3
5dba076a1f5e32f1fca8,4efe595d490182a1a649a026
c9a01790531d46e95e49,4e4c3b8dbd413c4cc667d69f
fbc541074e5847c28e3b,4c212356497cb713d3ab6cd8
13a401d50354611a1da2,4c263702a852c928532ee66c
2d52d5efe21b8d815185,4c2f66d166e40f47c7ccc18b
a87ad99a6690ecfdcee1,4c8fe0d13b3e9c7460792dcb
50ffb6cbe1d4de3c7f66,3fd66200f964a52057e61ee3
2de19a9b6ab9fa79c524,508ac360e4b07020054445fb
4faf3c1cb4c849a15ee0,4a89888bf964a520470820e3
2b557014ff1f0e112b9e,4f3253d819836c91c7ccda67
f432523b0b6d6b897df7,425f0400f964a5200c211fe3
5bef0817e40d58fa2a27,51c48e37498e31c12eda1a1e
1b6668ce4004603b3012,51cd7541498e3f398f16b546
ee96d08c7b7ae6b04ba8,4d1e2ab5b69c6dcb54dc5a95
079fd5bdf8901a8cbd79,508d5f35e4b07f1e640a6517
13a92c9d3f2b0ba98bd9,4ae297f6f964a520278f21e3
f246cd9b4dbfbd9ee246,4bf479ace5eba593e3bb1f90
b77a7eb4ff1363b80f63,4f327b4a19836c91c7dc0a47
9729fc3384431790a866,4c3a3f44ae2da593a6f403c6
06a1a1c8881002216683,4b5c856df964a520243429e3
7c12b5af0969c5f0690a,412e7980f964a520fd0c1fe3
0a439aaa2a6f33cca5b8,4c62e1a558810f475848081e
523ba57161fef34449cc,4aac0da2f964a520ed5b20e3
0b25ffc6e7e45f4438bd,4b4b7d50f964a520c29d26e3
300a8989491762ebdeac,4a285766f964a52012951fe3
b7dc8a73898500592380,4e30b6cb8877878237236ef7
099e4b1be3559f036f6d,4b8ff510f964a520216c33e3
2470287b1158dbb45205,4c92686e1adc3704e15238d1
d93e4cdd39d8b182790a,4e56ef4914955ace303609b6
955e31ca2895fa0c9a83,4deff9fb7d8ba370a00d1724
abdd6a1dd498969f7180,4a6b310df964a52024ce1fe3
501f30e4687ec3afd819,4abe5120f964a520a08c20e3
9ffbf5c5827fc24cf56a,4babe061f964a52055d13ae3
f10cc4311d86985e0cf2,4b5efa2af964a520bba029e3
c011d911817e46ad1c43,4fbebceee4b03477162f9b5f
87d1e3ce069de4012325,49d7b2f8f964a5204e5d1fe3
c457cff3b9808010f04c,5171b4e1e4b03ce28c5fa1cf
c29997cdfc6130a28a76,4e4cfcd2bd413c4cc66dc742
a7fb0a82e79ee2f5a514,4f324c4619836c91c7c9e5cb
043e8260f6ec01806a4a,4f7ef38fe4b079381bab7bc3
cdf89edcf8f1c8f517a0,3fd66200f964a5204de71ee3
19e123386c695e74aa32,501ac850e4b05cbb1ade06af
b921d5b86188042ca9f1,4b9b41a6f964a520a2fc35e3
be432a9dda03478a7c9c,4fa62360e4b0cfe54d779b18
925a7393af3de3a0204b,4f32471019836c91c7c7d91f
197301f66283fb7ea26a,4be1f4d7a145c928882b4f80
22718fbbf773bfb3dca1,4e6016d8b61cd7808787e93c
9a1626a7321a3b3aa5b3,3fd66200f964a5200aea1ee3
1f2f31d3afdea6483cdf,4afa1ac2f964a520c81622e3
1aeb9ccf13ffb0450679,4bd6eb335631c9b6ff90a630
4cabb96de61afe2e83d1,4b36b416f964a520f83a25e3
62ab4112164e655826a6,4d52e08f9b27721e7cbcc646
e2c704ab807a7fe92124,4adcafdaf964a520c22e21e3
a1d2d820410755f3be98,4b1d351ff964a520fd0c24e3
038f801c28d614748321,4b96e9a2f964a52056ed34e3
e22142cb91123f5895d8,4f32591519836c91c7cee002
3d5fa53bd25c4352c34b,50fd7f39e4b0c9eebaa5303a
438440380e6f7f3afb82,4b6f80fcf964a52058f32ce3
044a45cdc9bac30cb07a,4a4a642cf964a520bdab1fe3
9351e480170a5bafa382,4a70600ef964a52058d71fe3
85862d3b7f218dd18329,4e7d3b8bb8f724f0c24f3f7d
b611562e890617726f79,50a4fc14e4b0d8159be93e6b
2200e14b4cbbec885fde,4bc0cbb32a89ef3beb2af188
2a237bb5f555bbdc8060,414e1d80f964a520f11c1fe3
889a4682da80465ef9a4,50abdbd37043992125a9c9f7
f9b48e0d71678f3c3642,4b96ba8bf964a520b0e034e3
41974e76262a6c1687df,4aeb7d9ff964a5209cc221e3
9393b929ffd66cca249f,4c90f5002626a1cd88152e6b
3e98f72e274bc0baa9a7,4c98c7c14804a143fd69ee0e
0b4e1e6cf0268e04732a,4169cd00f964a5208a1d1fe3
c12df46f594eba6de489,516409d5e4b0ec7be4b67ab4
da3f1b8cd7c6f0b686cd,4af5d32bf964a5205dfd21e3
9c120766b1224a4814d9,520435fb498ef49a1dabb938
53d6159224b50d99a0dd,50874d96e4b0059b5bc15ca0
da726b3738fc0bf789a3,4a4cee3df964a52058ad1fe3
13a9d809bc9adf917122,4bba119f7421a5937556c340
1ca7bc1237faf34cd75a,4bbe690298f495214938d163
13ce00cd6130c8433525,465f30baf964a52054471fe3
56c62e3448e96c7e4205,4bcf2782549676b0b1a2ace5
b28289e252a6430866bb,51984774498e5e1d7deb236e
62daf56bc94339174c44,4bad4ef5f964a52098443be3
c8ebd40bac0ab339dacc,4f2374f3e4b04b55246fb135
a9dabadaeaf14bedc37b,5013f4c7e4b0c7c30d084451
4aeb3808d6d98794bf16,4fd16f84e4b05f693ca5e52e
a12d4e8dc114d3a51800,4bce3bed29d4b7133c42a8dc
def813526b7779342fd0,4b6f29a2f964a5202ee12ce3
58bc3321e8c3453f41ae,4b6b3b3ef964a520fefa2be3
18d33831d55cc09e5f83,51ca1b48498e60c704252c49
1b5375bcf87d60aa37b8,503eaf46e4b0479cb9fa8dc3
4ef308541cef09b4cb5d,4b04b9a2f964a5205a5622e3
6e1fee60e293a2512a53,51b2c2f1498e115891d08d57
b50cf39b4bd88b0f48aa,51bbe0bf498e104ad426df5c
eb800be85a77f50f6cb8,4a9c76a6f964a520443720e3
6408cfa7ef749683754f,51c0a5be498e1c8d76bda792
10502e44576fc2f60c8a,436e9900f964a520dd291fe3
a73eac5573629377e0e5,51be42dc498ed389b273d14e
9ae890aceaf8a5eb322a,45a39e5bf964a520ef401fe3
f87701bfdaa018d48665,4ac7fe5af964a52018bb20e3
d161c134121c05603806,3fd66200f964a52073e91ee3
a9a006c230fb9246bb7c,407dd080f964a5207af21ee3
ad0e5710fe972e6f81ef,4f320f5019833175d60c831c
08bfa1afd3dd0bbc3c66,4bb799e37421a59353bac040
d641a7c90f4231008096,4bd30cfd462cb713a362dd07
6dd65b333318a0a7cd87,4c224f6834faef3b459e586d
1c5aef8c4c24e7301010,4b60f5ccf964a5209c032ae3
5cf740cd2f459b3adf4a,4a6f5aeff964a520f7d51fe3
5020e2db5a4153bae334,4b1438b9f964a5207d9f23e3
c707f1188aad87bea56c,49d4bb1bf964a5204b5c1fe3
6c0d7d74bda37c39654d,5194e0ab498e232ed6116518
35ada58feebdb048893e,4c0ae70932daef3b2abb4b50
f1cb6df9ce6840b02349,4f7ee00be4b043dab49816ee
befc84b02be4d0ca6de4,4a5c7989f964a52041bc1fe3
caa5d42409d4e338b7a5,506cdd81e4b0afc493a52b15
41fa5fc9ca99b0ae317d,4c2e37eb4e132d7f76c79ddf
603204369b79a5d41991,4bb4125c87aa95218de5acd1
6b417dc2650345f7a83e,4f1d6a4fe4b07beffff2dd70
21c53399298a9baf6879,4aed0a3bf964a520dfcc21e3
698676ae206c95b80a99,4b37c4e5f964a520d64525e3
1c3327adf0337ffb4bd9,428a8580f964a52095231fe3
ae5a5f9d7d68956ea92e,3fd66200f964a5209fe81ee3
86e4fddc1740ebb74b26,425f0400f964a52011211fe3
66301b17cf3bd8e96021,4f4dcc98e4b0ed3693c7b549
4c8cb791232175867ed6,4f321fd219836c91c7b86722
d843830332a5c770e139,4e4c4ee2bd413c4cc66863b0
a9846f81b9f56718c246,4e1dbca614955b99c4196814
005551e260ed6b9ac027,4c895ac59ef0224b6564517b
0c52a3a60679ef768db2,48a1f305f964a5208d511fe3
956d18b15985f365da5c,444ceab2f964a52084321fe3
a9a4beb8db19ec005201,4be05a01652b0f47781f7211
732eda55bf7e4db70e88,514faba2e4b05bcb31082781
b01209129fb784ad138b,4bfae2dc8f32ef3b94fb04aa
f210e78d10b1c98fb30c,4fd5523be4b0a8f571e45a90
6d6536fb21c40a1cdbef,49e0f443f964a52083611fe3
34a0122b8e20f0f996c7,50b37e9fe4b0923cb6ad58b0
782d0f61a8747c8a67d9,4f5d7455e4b053fd69914568
8751f4c181e23d6d0690,4f32b1f619836c91c7f0a98f
f2dc753c0b36d5593a63,4e4cd28dbd413c4cc66c70cd
4555bebca8fa893332bb,4fe89c3fe4b0a0c3b129619e
9a5533af175fffd6e853,4d80eb2370d18cfa31a3a694
8aee16a3addfeba95c3b,50663905e4b0d7d96ae4cea2
19c1fd50a8ea2bf00ab3,51a018b3498e1300dedede2c
297c048c4c098a797444,3fd66200f964a52008eb1ee3
65eb656aabb8c522c954,4aad744bf964a520606020e3
b1bdc4ba5202e7108c76,4f32855619836c91c7dfe1b3
fc2bf0e29241440c7163,4530ed16f964a520653b1fe3
59b4ae8d3057ceafc723,4bf812e98d30d13a2b0b0018
b9bf0b9057af16c8ad19,4fa52cf5e4b0b487cdd0cea3
e8b2f1f16e17456e2317,4b9543f7f964a520e99834e3
a2a7765ae8f30399d05e,4e4e4a45bd4101d0d7a6f315
358c62b49a1150adfdfa,4f32802a19836c91c7dde843
e043a7192b7ff5213348,4d46d0235393a0907bd09e61
de33f9ce35e7fb2b68f9,4f3216ba19836c91c7b4a4a5
d4a2e9ef2a4b5224f93b,50b2746ee4b0c965a1367072
81cf2c0252b19a75a54e,4f3218cf19836c91c7b581f8
0ff86b75f25fc53da604,4f32170c19836c91c7b4c659
f29ad34ae834f9524bd4,4a99ba54f964a520113020e3
99a11533315b155665a0,4e737e7ccc3f93bd7717f5b0
982348a1e731a4fc394d,4a986a37f964a520e42b20e3
ea37838c260a18613658,4b6035f1f964a52021da29e3
903e43345aa3e075b729,4e0d1f431f6e9964ea1669cb
cf52bd39fdb77ebe4f57,4c62eb24de1b2d7f3474e370
cc71bd4ed493c279a488,4a43c209f964a520c8a61fe3
11002efb1def2d9e7b0a,4cba089c7148f04d1a23daab
8377dd12ee5e4373f691,4bf966ed5317a593b42f017f
d3243e3b9c835283fb1f,4a9848c5f964a5204e2b20e3
134f532f28f8f6be17c1,4f32910219836c91c7e45240
49da2b84b5fdae3317d5,4ef120f3991171a283895b10
a64ec2edc3fd149479e8,51c35d32498e29b83d784bcf
8a2f9c2dea2ec0bc392e,50719f50e4b019e66ba4a820
aac6478481a717e57157,4f407084e4b020398c9e53b8
a982b9f42a2b7dc9445c,46c981bcf964a520224a1fe3
badf6bac50298b05a9a3,508b690ee4b086e59992daae
7271c0f6f693c54ce530,4b660f70f964a52061112be3
6d1a7bde7452c0ef152e,4eb2ec5077c846fcfeb2d366
814e7dfff9dce87f16d5,40fc6080f964a520230b1fe3
8c3a4feac2aefd045c7e,4f324a4019836c91c7c91a0c
516758997fd9c62b0d13,4e6017d252b1260c121a429e
b396913087989c4fc0ec,4c55f04930f92d7f7045f1bc
5f6b6a11a9125eee050c,4dcedccd81302fe12fa51a25
b067037590fa1697e2f4,4d7511de170ab1f70edcfc94
9f3e2ef878924db35ba0,4e4c4468bd413c4cc6681763
cfe0a2e170afd96c5c02,4b395c18f964a520475b25e3
2bf971169993826a1031,4bddccc8587b2d7f45215509
26f3442079a3fc9ddaa0,42829c80f964a52032221fe3
43fe43bb539f32fa43d3,4b81517ef964a520309f30e3
1a5e75315ed1579d7892,4f323b7a19836c91c7c336ef
e776b3334d28d8747076,50ca5db5e4b0a8af760488bf
516a6c8dd1be401ed4b4,4c39002993db0f47deb32292
87f85c778791bbad0593,3fd66200f964a5206ee91ee3
136d4e87d11f9b0f127e,50004f6ee4b04dd3f9d1ab32
bcc5408e44e752533ab8,5132c53de4b02c4464a0fd78
03eab64422480b692d9f,4f32616a19836c91c7d22762
981ca8a1c40092e9a4a1,4a8aea48f964a520d30a20e3
633015238a139071e000,4e4c4450bd413c4cc66816c5
42352cf42007795ee255,4ba293adf964a520ef0538e3
50a882bf1e2e3db1287a,50156b8ae4b0f8ec79018916
cdb0dce63eeb7756891f,4b8d5d69f964a5204af732e3
42c6e25ccb6428ef1ed4,4af358c0f964a520c8ec21e3
b7b0f478c7d5d034c034,3fd66200f964a520c9e91ee3
f9f002a3fd3bea6c2a7d,4c0048a137850f47a410983f
2c195fa3a2a4ebc224bb,49c9358af964a52040581fe3
60da47895a33ff245cd7,4d695a532acd6ea81d0e39c0
a52b72e63aa133dfdc0a,4e4cd088bd413c4cc66c600b
9c6bb0bf9f300212ca47,4c1e96a3d3b5b7138132bda5
b38969a0488aa8bd8f39,4bc8b0bb6501c9b694af4029
cbb5fc51e01c3f9d120c,4e091defc65b5bf27799fbed
0c1f20b7fa7037f0e61d,49ebf933f964a5204c671fe3
96aa54654b8b76a2bd4e,4dc57b9352b1e8f9f7d51323
8ffd0c23bb8c199a6f3f,4f102f8fe4b0fd294cfd29ad
d9f9a1a0872ebab79f7d,4bae2df6f964a520688e3be3
3f2c06f8295ae7da5871,4f32b28519836c91c7f0df19
78dac570fe9da10e2954,45404cb9f964a520393c1fe3
f147ebfe18dd5a223e9f,4f324a7819836c91c7c930c0
1ff1b1c1d5252ca3682a,4b212d63f964a520c63724e3
72edcd7eee666a5d2a7c,51c7424e498e797148b8c5fd
8c779a748695b24eaae4,4de3e4effa7651589f21983d
f252ccccc3221ca42190,4df7f63c18a801cd9f119b17
12935895f0ebb057f8d9,4eaceb4d7ee59f1608bffa17
0c7289f77c1dc040ea51,4b37ec3cf964a520b74825e3
7e3eca4b402aa035c92b,3fd66200f964a52044e31ee3
a790c5168c54a8452c20,5097cfa5e4b0f717046aeb77
6feb362dd8634d31c9c8,503a7ac0e4b0824d0bb87386
5dac350c93f4a4d6401a,4b663efbf964a520831a2be3
b19cf0bb332675a1ee57,4ada7138f964a5209a2221e3
74d8899da483624b64a4,4e31ef00aeb70f3d5f1ab07b
e0fb02cb55afd8650461,4b15b66bf964a52015b323e3
53f7cd697cf9059539ab,4b4677faf964a520fd2126e3
eb5bf12f5f69c763600f,4f1c54810cd67469c7ac3a72
bc49d930c2711c926cc4,4cd8c25ca99d3704597107ce
8d03bec6248bff6d3ec6,4df1060dfa76042fed71191f
e8042ea5a1bd3785f433,4a5e5faef964a52076be1fe3
a8899ab798cbeebd63d3,4d78200be215721e24290db0
007612da102d8d6036f9,4ad0cbd6f964a520e0d920e3
9dcd201f069d088ea45c,4b8981c2f964a520103d32e3
b989b98363b4025628c4,4afb812df964a5205d1e22e3
532ed1a501ecc63e53a9,4d34a4c12e56236a9ba030b4
3567c20253a53aec18bb,50ef761de4b01e5283d9fac9
a72a74c3f23384d82e29,3fd66200f964a52044e51ee3
e638f161122610d4312b,4bb79a9a314e95216b63479d
39519999d0003b919b8b,4d8d18b01d06b1f7b803293b
bce9891cc97ba84c92f4,4f32385219836c91c7c1f79c
d96916713fe4936e42b0,4b3f7674f964a52041a725e3
4774a2961f10c501947b,3fd66200f964a5200fea1ee3
b0d4fe546d8b882bde17,4edd03c9722e1da3055ce6e7
471015a0b2477259357f,49e6aac0f964a52061641fe3
b7e277f12166a24ff196,4d34742f92dc6a315879fb61
4df500aa498d09ac8fd3,4e4e4afebd4101d0d7a703e5
b9cd2bb66139185d71d7,4a859d4bf964a520a7fe1fe3
610146ba1920917ca0ad,458bd6adf964a520f03f1fe3
7937b542ee9a2d798aab,4eef9f3e4fc61dea41bedf04
18a365c446ded661933a,4ba40350f964a520bb7738e3
9085fb82d50aafd3712e,4e4e7274d4c0b6da5d6f028a
a47080d7a0e127cd8672,51754d8d498e4035c110ef3f
05691d45685424609871,4bb77c40314e9521902a479d
a25320b3966eaf1eaf92,3fd66200f964a520faea1ee3
a3fd16696ac9b5e5e285,4c2346d07e85c928ad3dbd21
7b81663c8a2651b98f4a,4f321f5619836c91c7b8351f
327e3bbc841b887267e7,5050cd78e4b0bfec3ade67e2
12446133bd8845d3cda9,4debf7d01520ed580a54ae81
9457f60702ca21e9bd12,4ae10152f964a5207f8421e3
410f978eaa7359f3bbb1,4af8189bf964a520f50a22e3
48e0d20751969f9adb66,4bd9dfe45f34b71392e03579
886b436f28d7415d1f97,4a022081f964a5202f711fe3
fccddb7e5e94646750bf,4ec9922c9adf9c7bf588683b
c49a13e0cf9cc02d2f16,4de6518a1fc7d48f107849ea
75d794212e2532ce4ea3,4f7c472de4b09b8aeaed0826
40e04e301ad0ab13c80e,4e4ce43bbd413c4cc66d007f
1905daf31f6eea76ad88,4bbd06e68ec3d13a40941b28
d3a3af4134f3bb3fdd5e,4c51db817f6e20a1eb8ecbea
f28c2cc8826ff0797c31,3fd66200f964a52016e51ee3
90a53bbf391e3b271310,49c2b7d4f964a5201c561fe3
ff533bbbe63c01c2ae91,4b720554f964a520856a2de3
2ac155177e10c9bbf263,4bbcade0a8cf76b0e0c5b0fd
955841e04f2b7791c107,4f31778fe4b0f41ae799920c
d063628f9970f5d024bf,4f188adfe4b0cae4b525a694
34593ebb90dfd9b4be9c,4f3b2802e4b0258ec1dd5c02
ad4b809be583a8581264,49cf9efbf964a520b05a1fe3
e74e8d739fec06cfe753,4d6d09af8183a14365ed9d9f
71b97c57a78cb0db296a,4bf83d798d30d13a60620018
ac4aa100ca66d408da1f,4f43ceda19836ed00190bfb0
7fc5aef38b3b73d1d5cf,4f98397a7bebde05e4983621
c084c5162070e67992ec,4e8a475702d540e4526e94a3
8a5f335a5f824c536f3b,4e9a260d9adf277db793f5f6
9cfde9b89688a47e1b8c,4bb7e050cf2fc9b68bf39e02
3daa19330f7f7535d1d0,4f4434a919836ed00192df2b
2797bde1baeb62f8f86a,3fd66200f964a520d1e41ee3
c88da52516844be433b9,4f4d1cf1e4b0ed369301102f
89116b88b192a5c3855e,4ca51be997c8a1cd950e64a5
a2bb2c7a21da22faec8b,4e4cd574bd413c4cc66c8816
0670444d6772e55b26e3,4eee705fb8f76a24a6512a9b
18ae44724db80f4f6571,4c328a2ca0ced13a855e156e
2e21c113f39e32437ea6,4f997b46d4f21823bb1f4b87
abe255cbe24ff9fe97ac,4f32158f19836c91c7b42dbd
da45fc20090a6ab80e4d,4a5d1825f964a52029bd1fe3
31fcd534a41308b0dfb7,4f3241ba19836c91c7c5aee7
0b3732e9497aadec1e31,4d34caa4c75a6ea84a9522ae
0e629ceefd6f67c54de7,4f086d51e4b0803b68c4aed7
4723d5dbac85ba1e431e,4efe024000396c3b17c070e1
0ff295bd3600b93a485d,485f7eecf964a520da501fe3
d57474db7bed77404362,50b02d83e4b05083bf83ac18
9f5d24cc11eb45f1aef2,50677d30e4b0f328dff59bec
d17ff6f03e086d6f1f13,5050f642e4b0eacd3e3fb5b7
4204c445c33abb036b5b,4c13c60d77cea593c964cf60
f738f5a2c27e43bfb159,4a62028cf964a520d2c21fe3
75a114562ae5d77809d8,4aa44464f964a520234620e3
74eb81999f7879d967f9,4b99bafff964a520c78e35e3
a99c6e787e271b3f57f4,4bbc7adde452952140e755a4
7f6a02028e9c415b4409,3fd66200f964a52091e91ee3
b8a247abf64c880ded44,4f3266a519836c91c7d4296a
e05ca3964d3e393f1444,51007661e4b066efde0ccfcf
1bf0053480ce4fb2c44d,4c16b2d95e88c928d38c2466
9a46516a1259fc043e79,4606997ef964a520cd441fe3
f9a76020262317c20632,4fb6b8c8e4b02861a898c586
8728519cccc74a553967,4fde22bce4b08aca49ce052c
b30680d675a25f167fcf,4f44b55f19836ed00195fdfc
876795c1b38be29b156f,50f70deae4b03bf21a3b2258
bff5e9a20d81dd72d0e1,4cdef8f0f8cdb1f7bdad8e12
26678dd9b28ec3a75396,4f3215ab19836c91c7b439ad
94e9a3708fbd256a3ea3,4d21107c6e8c37042b58ff9f
2b29751be2ab92f925a2,4b2d7628f964a52036d724e3
21db1fac3c9a6b88a6af,5220a37a11d2731ed3fc4b3e
561bc46c6dc51691074c,4a0cea7bf964a5206a751fe3
338a2e01a9650b8654b3,4f32a4d019836c91c7ebc852
e748008a44ccc2e30d14,4f452e3819836ed001991e20
2506537f31ee8dd38430,4e4e4e4bbd4101d0d7a74c65
558cf9784dfe8c9c7a5c,4c803266d92ea09375c23572
4a72bd8cfe0427aa1df2,502e2a7ae4b0beacbd8abbe2
4c1d01b5b75e4889a059,4b81905af964a52061af30e3
28375d8ffd93b473f374,4f3256b919836c91c7cdf63a
6df251bdddd8be645a0f,4d254a7c3bea8eec3e15e373
2ae54a8e68379affaa8f,4bd72d7f35aad13a89518ef3
1c983386aaf5901c6d10,4c3a13512c8020a110c08d00
d8c496892f3ff54f67ec,4f0631ac8231c7e151bc3293
0ca7b784cc1731e0dc95,51b5ddba011cd1b8ea0c650b
83db517f34b7204a3e9a,4e02e339c65b8061424cb949
06ad2712794024dec789,4f32450219836c91c7c70106
17296b9a519d7fad60a0,4bfaa7ed5ec320a1d2f28bd3
e36f5235df4c73d0a078,4d7f657e6174a35ddfae9903
93e9d1031847fc800fcb,4f3272d619836c91c7d8d8cd
5bdff5b3d340870f9ad2,4f43ab0319834bc91f582348
fc349d033e46cffe8d53,51dece72498e389d52bebdd5
f9740cc039b324391dfa,4b755cf6f964a52050082ee3
81629732fa8eaba3d615,49bd3095f964a52055541fe3
1e5da70df7fbbcf4bef4,5111797280557d772b028356
93a7f19e9e4be8342256,4f32945e19836c91c7e59b82
191b55422c6e860e5d38,4b0b0076f964a520602b23e3
9b06eedae24eb9b962c2,4cd352f99828b60cd010d584
f3cd7d25cef5e82305dd,4f4398a919834bc91f57c5f4
83bb6ed2f1896bf104d5,4d07db1b049ca35d0beae78b
63911aa182c3dd2f5b8b,4d9f6b7fa428a1cdf404c804
912c9795a1dcbdac6f92,5151d39ce4b0746a2e89aac5
e0011460cbeb477343e1,4ea46e0d77c8d0ce5ec86611
9a5686ac078add34dbd4,42f15a80f964a520bb261fe3
e2002d0e516a2cbc6a2b,4f43b8e019834bc91f587cfe
b5276b376819e6e9150b,4add227bf964a5203b6421e3
d3fad5cf778ac65431bc,51db08c4498e2083bb4e58e1
dff90de9ea3bdf69b5bc,4f32a2f619836c91c7eb1741
b90f53cb085bc4b56cca,4646ec01f964a52092461fe3
59e2eacdb1f75f7a6db2,4fa5a8d5e4b054830719e405
efd5ccd811ac5fff8a1c,4ce9b0cabaa6a1cd5d37356c
25f60157078ecf3f49dd,4af0daacf964a520aedf21e3
d7294800441f448d9848,4feded0d29a67907a7c39d0f
743568936153d86017a3,4f3252ae19836c91c7cc67de
fdc46e327356da88bd44,4bdbb935c79cc928264a84e9
309bae622dfd8fb2900d,4b6617f7f964a5204d132be3
ec4e73b5b6370a32f606,4f3220c619836c91c7b8cf06
bcd139287c531b912afc,4d9bbff2913a236a1210a708
c4589b1e2a3b418da6ab,4a80d380f964a52046f61fe3
510e2447a90f73f81d43,4a0f5c9cf964a52053761fe3
05a0fc6c33fec6871dfa,4731be8af964a520244c1fe3
5358bf9026e90cd97861,50d399e3e4b053ebcffc698c
